"title","installs","minInstalls","scoreText","ratings","reviews","price","free","currency","priceText","offersIAP","size","androidVersion","androidVersionText","developer","genreId","familyGenreId","developerId","contentRating","adSupported","released","updated","version","recentChanges","appId"
"Drink Water Reminder: Water Tracker & Alarm","10,000,000+",10000000,"4.9",373043,162192,0,true,"USD","Free",true,"5.9M","4.1","4.1 and up","Simple Health Lab","HEALTH_AND_FITNESS",,"Simple+Health+Lab","Everyone",true,"Jan 12, 2018",1559284041000,"1.4.9","- Bug fixes and performance improvements. <br>Please remember to stay hydrated! Keep track and keep fit!","com.health.lab.drink.water.tracker"
"Fitbit","10,000,000+",10000000,"3.9",468747,208706,0,true,"USD","Free",true,"Varies with device","VARY","Varies with device","Fitbit, Inc.","HEALTH_AND_FITNESS",,"Fitbit,+Inc.","Everyone",false,"Mar 16, 2012",1558655655000,"Varies with device","*Bug fixes and performance improvements","com.fitbit.FitbitMobile"
"Samsung Health","500,000,000+",500000000,"4.3",721034,234451,0,true,"USD","Free",false,"78M","6.0","6.0 and up","Samsung Electronics Co.,  Ltd.","HEALTH_AND_FITNESS",,"5200379633052405703","Everyone",false,"Apr 7, 2015",1558600343000,"6.4.0.047","-Galaxy Fit is supported.<br>-Various bug fixes and improvements applied.","com.sec.android.app.shealth"
"Calorie Counter - MyFitnessPal","50,000,000+",50000000,"4.6",2082966,724025,0,true,"USD","Free",true,"Varies with device","VARY","Varies with device","MyFitnessPal, Inc.","HEALTH_AND_FITNESS",,"MyFitnessPal,+Inc.","Everyone",true,"Apr 26, 2010",1559240718000,"Varies with device","Whether you want to log your lowest weight in years, your first run in weeks, or your heart healthy afternoon snack, we know you count on MyFitnessPal to be working smoothly.<br><br>Want to try new features before everyone else? Join our beta program: http://undrarmr.co/2o6qBid<br><br>We hope you enjoy and happy tracking!","com.myfitnesspal.android"
