"title","installs","minInstalls","scoreText","ratings","reviews","price","free","currency","priceText","offersIAP","size","androidVersion","androidVersionText","developer","genreId","familyGenreId","developerId","contentRating","adSupported","released","updated","version","recentChanges","appId"
"Bitmoji – your personal emoji","100,000,000+",100000000,"4.6",2871931,1061240,0,true,"USD","Free",true,"Varies with device","VARY","Varies with device","Bitstrips","ENTERTAINMENT",,"Bitstrips","Teen",false,"Oct 28, 2014",1559150054000,"Varies with device","* Bug fixes and performance improvements.","com.bitstrips.imoji"
"YouTube Kids","50,000,000+",50000000,"4.4",724374,254837,0,true,"USD","Free",false,"Varies with device","VARY","Varies with device","Google LLC","ENTERTAINMENT","FAMILY_MUSICVIDEO","5700313618786177705","Everyone",true,"Feb 23, 2015",1559152982000,"Varies with device","By popular request, we&#39;re giving parents more power than ever before. You now have even more control and can hand-pick every channel and video that your child sees.","com.google.android.apps.youtube.kids"
"Tubi - Free Movies & TV Shows","10,000,000+",10000000,"4.4",509671,221038,0,true,"USD","Free",false,"15M","4.1","4.1 and up","Tubi TV","ENTERTAINMENT",,"9005207387328486775","Teen",true,"Sep 19, 2014",1559261310000,"2.20",,"com.tubitv"
"Netflix","500,000,000+",500000000,"4.5",6605351,2093207,0,true,"USD","Free",true,"Varies with device","VARY","Varies with device","Netflix, Inc.","ENTERTAINMENT",,"Netflix,+Inc.","Teen",false,"May 5, 2011",1559164392000,"Varies with device","Want to watch Netflix on your phone while dad watches on the TV and grandma watches on her tablet? Live the dream. Just make sure you have the latest update.<br><br>And in this release, we fixed bugs and made performance improvements. Just for you.","com.netflix.mediaclient"
"Hulu: Stream TV, Movies & more","50,000,000+",50000000,"4.0",353406,109669,0,true,"USD","Free",false,"Varies with device","5.0","5.0 and up","Hulu","ENTERTAINMENT",,"Hulu","Teen",true,"Jun 22, 2011",1559084687000,"Varies with device","What did the bugs say before we squashed them? May Day! (Hey, we’re TV lovers, not comedians).<br><br>Besides a routine pest control, this release includes accessibility improvements and performance enhancements to continue offering the best streaming experience. Enjoy your Hulu favorites!","com.hulu.plus"
"Google Play Games","1,000,000,000+",1000000000,"4.3",9165992,2182437,0,true,"USD","Free",false,"Varies with device","VARY","Varies with device","Google LLC","ENTERTAINMENT",,"5700313618786177705","Teen",false,"Jul 24, 2013",1556571143000,"Varies with device","The Hub now includes the latest buzz from Reddit about your favorite games. Get it all in one place.","com.google.android.play.games"
"Roku","10,000,000+",10000000,"4.5",308493,108097,0,true,"USD","Free",false,"Varies with device","VARY","Varies with device","Roku Inc.","ENTERTAINMENT",,"Roku+Inc.","Teen",false,"Mar 2, 2012",1559179635000,"Varies with device","Bug fixes.<br>Recent updates you may have missed:<br>· The Roku Channel is now streaming in this app.<br>· You now have thousands of free movies &amp; TV episodes in the palm of your hand.<br>· The remote is still here, so you won’t have to dig through the depths of your couch to find the one you lost.<br>· We fixed some stuff under the hood and made overall improvements you’re gonna love or maybe not even notice.<br>· Happy streaming!","com.roku.remote"
"Amazon Prime Video","100,000,000+",100000000,"4.3",845727,283053,0,true,"USD","Free",true,"Varies with device","4.1","4.1 and up","Amazon Mobile LLC","ENTERTAINMENT",,"Amazon+Mobile+LLC","Teen",true,"Aug 28, 2017",1559155304000,"Varies with device","Enjoy Amazon Prime Video in over 200 countries and territories around the globe! <br>Download movies and TV shows using Wi-Fi or cellular networks.","com.amazon.avod.thirdpartyclient"
