"title","installs","minInstalls","scoreText","ratings","reviews","price","free","currency","priceText","offersIAP","size","androidVersion","androidVersionText","developer","genreId","familyGenreId","developerId","contentRating","adSupported","released","updated","version","recentChanges","appId""Bank of America Mobile Banking","10,000,000+",10000000,"4.5",505715,169709,0,true,"USD","Free",false,"Varies with device","VARY","Varies with device","Bank of America","FINANCE",,"5615837024201601069","Everyone",false,,1558641959000,"Varies with device","Resolved sign-in issue some customers were experiencing","com.infonow.bofa"

"Chase Mobile","10,000,000+",10000000,"4.6",1485766,520849,0,true,"USD","Free",false,"43M","5.0","5.0 and up","JPMorgan Chase","FINANCE",,"JPMorgan+Chase","Everyone",false,"Nov 19, 2010",1556779789000,"3.80","We’re frequently updating the app in order to give you the best experience. Turn on auto updates to ensure you always have the latest version.<br><br>This update includes:<br><br>[ + ] Minor bug fixes and improvements.","com.chase.sig.android"
"Credit Karma","10,000,000+",10000000,"4.7",840183,303573,0,true,"USD","Free",false,"Varies with device","VARY","Varies with device","Credit Karma, Inc.","FINANCE",,"Credit+Karma,+Inc.","Everyone",true,"Feb 28, 2013",1559236515000,"Varies with device","• Enhancements and improved stability<br><br>Stay tuned for more updates, and be sure to share your feedback at comments@creditkarma.com.","com.creditkarma.mobile"
"PayPal Mobile Cash: Send and Request Money Fast","50,000,000+",50000000,"4.4",960170,335000,0,true,"USD","Free",false,"30M","4.4","4.4 and up","PayPal Mobile","FINANCE",,"PayPal+Mobile","Everyone",false,,1559078000000,"7.8.1","New in this version: Improvements and bug fixes for Notifications, Send Money, and Activity. We hope you enjoy our app! Keep it updated so you&#39;ve always got the latest and greatest.","com.paypal.android.p2pmobile"
