"title","installs","minInstalls","scoreText","ratings","reviews","price","free","currency","priceText","offersIAP","size","androidVersion","androidVersionText","developer","genreId","familyGenreId","developerId","contentRating","adSupported","released","updated","version","recentChanges","appId"
"WhatsApp Messenger","1,000,000,000+",1000000000,"4.4",90111755,23689437,0,true,"USD","Free",false,"Varies with device","VARY","Varies with device","WhatsApp Inc.","COMMUNICATION",,"WhatsApp+Inc.","Everyone",false,"Oct 18, 2010",1558642389000,"Varies with device","• Security fix for CVE-2019-3568.<br>• Consecutive Voice Messages will now play in sequence, so you don&#39;t have to press play on each message.<br>","com.whatsapp"
"WeChat","100,000,000+",100000000,"4.2",5628562,1383320,0,true,"USD","Free",true,"Varies with device","4.4","4.4 and up","WeChat","COMMUNICATION",,"WeChat","Everyone",false,"Jan 30, 2011",1559025332000,"Varies with device","What&#39;s New in v7.0.4:<br>- Music Search Added for Time Capsules.<br>- Registration adds Facebook Login option.<br>- Moments Privacy Settings: Last 1 month viewable by friends.","com.tencent.mm"
"Google Duo - High Quality Video Calls","1,000,000,000+",1000000000,"4.6",3921982,1413524,0,true,"USD","Free",false,"Varies with device","VARY","Varies with device","Google LLC","COMMUNICATION",,"5700313618786177705","Everyone",false,"Aug 16, 2016",1559170985000,"Varies with device","• Now available for Android tablets<br><br>• Bug fixes and product improvements","com.google.android.apps.tachyon"
"Hangouts","1,000,000,000+",1000000000,"4.0",4057300,1069250,0,true,"USD","Free",false,"Varies with device","VARY","Varies with device","Google LLC","COMMUNICATION",,"5700313618786177705","Everyone",false,"May 15, 2013",1557860981000,"Varies with device","29.0<br> • Bug fixes<br> • Android 8.0+ devices: Customized ring and chat message tones for individual classic Hangouts conversations and contacts will be removed. You can still customize general ring tones and messaging sounds for classic Hangouts by accessing Settings via the Menu section of the app.","com.google.android.talk"
"ICQ: Messages, Group chats & Video Calls","10,000,000+",10000000,"4.4",729620,205163,0,true,"USD","Free",false,"Varies with device","4.4","4.4 and up","LLC Mail.Ru","COMMUNICATION",,"LLC+Mail.Ru","Everyone",false,"Jul 25, 2010",1559216941000,"7.5(823531)","* Send stickers using a tooltip while entering text.<br>* Customize who can add you to a group and call you.<br>* Enjoy the updated design for your profile, as well as for the profiles of groups and people you are conversing with.","com.icq.mobile.client"
"LINE: Free Calls & Messages","500,000,000+",500000000,"4.2",11511118,2901066,0,true,"USD","Free",true,"111M","4.4","4.4 and up","LINE Corporation","COMMUNICATION",,"4919265583026901892","Everyone",true,"Jun 23, 2011",1558603066000,"9.8.0","• We&#39;re always working hard to make LINE even better. Update today for the latest experience!","jp.naver.line.android"
"Messenger – Text and Video Chat for Free","1,000,000,000+",1000000000,"4.1",66714372,17566565,0,true,"USD","Free",true,"Varies with device","VARY","Varies with device","Facebook","COMMUNICATION",,"Facebook","Everyone",false,"Jan 30, 2014",1559348772000,"Varies with device","The brand new, redesigned Messenger app is now easier to use, simpler to navigate and more fun.<br><br>Messenger has been simplified into three tabs—People, Chat and Discover.<br><br>-Chat tab lets you quickly access all your messages.<br><br>-People tab helps you find friends, both new and old.<br><br>-Discover tab connects you to your favorite brands, find discounts, play games and more in explore.<br><br>Plus, new color gradients make your chat more colorful too!","com.facebook.orca"
